{
"distancia":[3.01073,2.91073,2.81073,2.71073,2.61073,2.51073,2.41073,2.31073,2.21073,2.11073,2.01073,1.91073,1.81073,1.71073,1.61073,1.51073,1.41073,1.31073,1.21073,1.11073,1.01073,0.91073,0.81073,0.71073,0.61073,0.51073,0.41073,0.31073,0.21073],
"energia":[-0.9277068257,-0.9317348108,-0.9362205206,-0.9412087647,-0.9467482215,-0.9528918222,-0.9596968215,-0.9672244469,-0.9755391456,-0.984707046,-0.9947940424,-1.0058634524,-1.0179735005,-1.0311737742,-1.045498644,-1.0609544301,-1.0774957904,-1.0949881251,-1.1131547683,-1.1315020223,-1.1491917648,-1.1647949898,-1.1758158665,-1.1777909398,-1.162501037,-1.1139708813,-0.9983696007,-0.7347575697,-0.0848568605]
}
